<beans xmlns="http://www.springframework.org/schema/beans"
       xmlns:xsi="http://www.w3.org/2001/XMLSchema-instance"
       xmlns:context="http://www.springframework.org/schema/context"
       xmlns:mvc="http://www.springframework.org/schema/mvc"
       xmlns:tx="http://www.springframework.org/schema/tx"
       xsi:schemaLocation="
           http://www.springframework.org/schema/beans
           https://www.springframework.org/schema/beans/spring-beans.xsd
           http://www.springframework.org/schema/context
           https://www.springframework.org/schema/context/spring-context.xsd
           http://www.springframework.org/schema/mvc
           https://www.springframework.org/schema/mvc/spring-mvc.xsd
           http://www.springframework.org/schema/tx
           https://www.springframework.org/schema/tx/spring-tx.xsd">

    <!-- Component scanning -->
    <context:component-scan base-package="com.soems" />
    <mvc:annotation-driven />

    <!-- PostgreSQL DataSource -->
    <bean id="dataSource" class="org.apache.commons.dbcp2.BasicDataSource">
        <property name="driverClassName" value="org.postgresql.Driver" />
        <property name="url" value="jdbc:postgresql://localhost:5432/soemsdb" />
        <property name="username" value="postgres" />
        <property name="password" value="postgm23@" />
    </bean>
    
    
    
    <bean id="viewResolver" class="org.springframework.web.servlet.view.InternalResourceViewResolver">  
        <property name="prefix" value="/WEB-INF/views/"></property>  
        <property name="suffix" value=".jsp"></property>          
	</bean>  
 

    <!-- Hibernate SessionFactory -->
   <bean id="sessionFactory" class="org.springframework.orm.hibernate5.LocalSessionFactoryBean">
        <property name="dataSource" ref="dataSource" />
        <property name="packagesToScan" value="com.soems.entity" />
        <property name="hibernateProperties">
            <props>
                <prop key="hibernate.dialect">org.hibernate.dialect.PostgreSQLDialect</prop>
                <prop key="hibernate.show_sql">true</prop>
                <prop key="hibernate.hbm2ddl.auto">update</prop>
            </props>
        </property>
    </bean>

    <!-- Transaction Manager -->
    <bean id="transactionManager" class="org.springframework.orm.hibernate5.HibernateTransactionManager">
        <property name="sessionFactory" ref="sessionFactory" />
    </bean>

    <!-- Enable annotation-based transactions -->
    <tx:annotation-driven transaction-manager="transactionManager" />

</beans>
