<beans xmlns="http://www.springframework.org/schema/beans"
       xmlns:xsi="http://www.w3.org/2001/XMLSchema-instance"
       xmlns:context="http://www.springframework.org/schema/context"
       xmlns:mvc="http://www.springframework.org/schema/mvc"
       xmlns:tx="http://www.springframework.org/schema/tx"
       xsi:schemaLocation="
           http://www.springframework.org/schema/beans
           http://www.springframework.org/schema/beans/spring-beans.xsd
           http://www.springframework.org/schema/context
           http://www.springframework.org/schema/context/spring-context.xsd
           http://www.springframework.org/schema/mvc
           http://www.springframework.org/schema/mvc/spring-mvc.xsd
           http://www.springframework.org/schema/tx
           http://www.springframework.org/schema/tx/spring-tx.xsd">

    <!-- Component scanning -->
    <context:component-scan base-package="com.soems" />

    <!-- Enable Spring MVC with LocalDate/Time support -->
    <mvc:annotation-driven>
        
    </mvc:annotation-driven>

    <!-- PostgreSQL DataSource -->
    <bean id="dataSource" class="org.apache.commons.dbcp2.BasicDataSource">
        <property name="driverClassName" value="org.postgresql.Driver" />
        <property name="url" value="jdbc:postgresql://localhost:5432/soemsdb2" />
        <property name="username" value="postgres" />
        <property name="password" value="postgm23@" />
    </bean>

    <!-- View Resolver -->
    <bean id="viewResolver" class="org.springframework.web.servlet.view.InternalResourceViewResolver">  
        <property name="prefix" value="/WEB-INF/views/"/>  
        <property name="suffix" value=".jsp"/>          
    </bean>  

    <!-- Hibernate SessionFactory -->
    <bean id="sessionFactory" class="org.springframework.orm.hibernate5.LocalSessionFactoryBean">
        <property name="dataSource" ref="dataSource" />
        <property name="packagesToScan" value="com.soems.entity" />
        <property name="hibernateProperties">
            <props>
                <prop key="hibernate.dialect">org.hibernate.dialect.PostgreSQLDialect</prop>
                <prop key="hibernate.show_sql">true</prop>
                <prop key="hibernate.hbm2ddl.auto">update</prop>
            </props>
        </property>
    </bean>

	<bean id="mailSender" class="org.springframework.mail.javamail.JavaMailSenderImpl">
	    <property name="host" value="smtp.gmail.com"/>
	    <property name="port" value="587"/>
	    <property name="username" value="khushidj.work@gmail.com"/>
	    <property name="password" value="yisb csvu eilh zlyz"/>
	
	    <property name="javaMailProperties">
	        <props>
	            <prop key="mail.smtp.auth">true</prop>
	            <prop key="mail.smtp.starttls.enable">true</prop>
	            <prop key="mail.transport.protocol">smtp</prop>
	            <prop key="mail.debug">true</prop>
	        </props>
	    </property>
	</bean>
 
    <!-- Transaction Manager -->
    <bean id="transactionManager" class="org.springframework.orm.hibernate5.HibernateTransactionManager">
        <property name="sessionFactory" ref="sessionFactory" />
    </bean>

    <!-- Enable annotation-based transactions -->
    <tx:annotation-driven transaction-manager="transactionManager" />

</beans>
